[

  {
    "model": "auth.user",
    "pk": 2,
    "fields": {
      "password": "pbkdf2_sha256$1000000$F8vYHtGj6PqRt5mLcD7EsA$wJPn3jKxzpjmxkY2zqREb/JWh0XsLVx4F0XrDK7RXGQ=",
      "last_login": "2025-04-20T09:45:23.456Z",
      "is_superuser": false,
      "username": "janedoe",
      "first_name": "Jane",
      "last_name": "Doe",
      "email": "jane.doe@example.com",
      "is_staff": false,
      "is_active": true,
      "date_joined": "2025-03-15T14:30:22Z",
      "groups": [],
      "user_permissions": []
    }
  },
  {
    "model": "auth.user",
    "pk": 3,
    "fields": {
      "password": "pbkdf2_sha256$1000000$H7bPtS3wQr8Lk9mVzY6FgR$XpK5tDfLw9EjR2sNqLhGy8m4vZr3q7JxYtH6KpM2E4Y=",
      "last_login": "2025-04-25T16:12:45.789Z",
      "is_superuser": false,
      "username": "johnsmith",
      "first_name": "John",
      "last_name": "Smith",
      "email": "john.smith@example.com",
      "is_staff": false,
      "is_active": true,
      "date_joined": "2025-02-20T11:15:33Z",
      "groups": [],
      "user_permissions": []
    }
  },
  {
    "model": "auth.user",
    "pk": 4,
    "fields": {
      "password": "pbkdf2_sha256$1000000$T9kRq2zPxL5mN3bVcS8DwY$6jHpKmr4QwZ2tGy8LfE3xK9vYrFt5sD7WnX3pJq9R7A=",
      "last_login": "2025-04-27T10:34:56.123Z",
      "is_superuser": false,
      "username": "bobjohnson",
      "first_name": "Bob",
      "last_name": "Johnson",
      "email": "bob.johnson@example.com",
      "is_staff": false,
      "is_active": true,
      "date_joined": "2025-01-10T15:45:21Z",
      "groups": [],
      "user_permissions": []
    }
  },
  {
    "model": "auth.user",
    "pk": 5,
    "fields": {
      "password": "pbkdf2_sha256$1000000$L6xWvR8sK9pZ7mDqN2eJhT$rY3pFvQgM8wXk5jZ2tBn6L4sD7yK9fGxE3qHpWm2t8A=",
      "last_login": "2025-04-28T14:22:33.456Z",
      "is_superuser": false,
      "username": "sarahwilliams",
      "first_name": "Sarah",
      "last_name": "Williams",
      "email": "sarah.williams@example.com",
      "is_staff": false,
      "is_active": true,
      "date_joined": "2025-02-05T09:18:42Z",
      "groups": [],
      "user_permissions": []
    }
  },
  {
    "model": "api.camper",
    "pk": 2,
    "fields": {
      "user": 2,
      "age": 28,
      "phone_number": "3105557890"
    }
  },
  {
    "model": "api.camper",
    "pk": 3,
    "fields": {
      "user": 3,
      "age": 35,
      "phone_number": "2125554321"
    }
  },
  {
    "model": "api.camper",
    "pk": 4,
    "fields": {
      "user": 4,
      "age": 42,
      "phone_number": "4155551234"
    }
  },
  {
    "model": "api.camper",
    "pk": 5,
    "fields": {
      "user": 5,
      "age": 30,
      "phone_number": "7145559876"
    }
  },
  {
    "model": "api.reservation",
    "pk": 7,
    "fields": {
      "camper": 1,
      "campsite": 7,
      "check_in_date": "2025-05-15",
      "check_out_date": "2025-05-20",
      "number_of_guests": 3,
      "status": "confirmed",
      "created_at": "2025-04-01T10:15:30.123Z",
      "updated_at": "2025-04-01T10:30:45.789Z"
    }
  },
  {
    "model": "api.reservation",
    "pk": 8,
    "fields": {
      "camper": 1,
      "campsite": 8,
      "check_in_date": "2025-06-10",
      "check_out_date": "2025-06-15",
      "number_of_guests": 2,
      "status": "pending",
      "created_at": "2025-04-05T14:25:33.456Z",
      "updated_at": "2025-04-05T14:45:12.345Z"
    }
  },
  {
    "model": "api.reservation",
    "pk": 9,
    "fields": {
      "camper": 1,
      "campsite": 10,
      "check_in_date": "2024-12-24",
      "check_out_date": "2024-12-28",
      "number_of_guests": 4,
      "status": "completed",
      "created_at": "2024-10-15T09:30:00.000Z",
      "updated_at": "2024-12-29T11:20:15.456Z"
    }
  },
  {
    "model": "api.reservation",
    "pk": 10,
    "fields": {
      "camper": 2,
      "campsite": 1,
      "check_in_date": "2025-05-01",
      "check_out_date": "2025-05-05",
      "number_of_guests": 2,
      "status": "confirmed",
      "created_at": "2025-04-10T08:45:12.789Z",
      "updated_at": "2025-04-10T09:15:30.123Z"
    }
  },
  {
    "model": "api.reservation",
    "pk": 11,
    "fields": {
      "camper": 2,
      "campsite": 3,
      "check_in_date": "2025-05-20",
      "check_out_date": "2025-05-25",
      "number_of_guests": 5,
      "status": "pending",
      "created_at": "2025-04-12T16:30:45.678Z",
      "updated_at": "2025-04-12T17:00:15.789Z"
    }
  },
  {
    "model": "api.reservation",
    "pk": 12,
    "fields": {
      "camper": 2,
      "campsite": 5,
      "check_in_date": "2025-02-14",
      "check_out_date": "2025-02-16",
      "number_of_guests": 2,
      "status": "completed",
      "created_at": "2025-01-05T12:15:30.456Z",
      "updated_at": "2025-02-17T10:45:12.789Z"
    }
  },
  {
    "model": "api.reservation",
    "pk": 13,
    "fields": {
      "camper": 3,
      "campsite": 7,
      "check_in_date": "2025-05-22",
      "check_out_date": "2025-05-29",
      "number_of_guests": 6,
      "status": "confirmed",
      "created_at": "2025-03-20T14:30:45.123Z",
      "updated_at": "2025-03-20T15:15:30.456Z"
    }
  },
  {
    "model": "api.reservation",
    "pk": 14,
    "fields": {
      "camper": 3,
      "campsite": 10,
      "check_in_date": "2025-06-15",
      "check_out_date": "2025-06-22",
      "number_of_guests": 4,
      "status": "pending",
      "created_at": "2025-03-25T09:45:12.789Z",
      "updated_at": "2025-03-25T10:30:45.123Z"
    }
  },
  {
    "model": "api.reservation",
    "pk": 15,
    "fields": {
      "camper": 3,
      "campsite": 11,
      "check_in_date": "2025-01-10",
      "check_out_date": "2025-01-17",
      "number_of_guests": 7,
      "status": "completed",
      "created_at": "2024-12-01T11:15:30.456Z",
      "updated_at": "2025-01-18T12:45:12.789Z"
    }
  },
  {
    "model": "api.reservation",
    "pk": 16,
    "fields": {
      "camper": 4,
      "campsite": 4,
      "check_in_date": "2025-05-10",
      "check_out_date": "2025-05-15",
      "number_of_guests": 4,
      "status": "confirmed",
      "created_at": "2025-04-01T13:45:12.789Z",
      "updated_at": "2025-04-01T14:30:45.123Z"
    }
  },
  {
    "model": "api.reservation",
    "pk": 17,
    "fields": {
      "camper": 4,
      "campsite": 8,
      "check_in_date": "2025-07-01",
      "check_out_date": "2025-07-07",
      "number_of_guests": 3,
      "status": "pending",
      "created_at": "2025-04-15T15:15:30.456Z",
      "updated_at": "2025-04-15T16:00:15.789Z"
    }
  },
  {
    "model": "api.reservation",
    "pk": 18,
    "fields": {
      "camper": 4,
      "campsite": 1,
      "check_in_date": "2024-11-20",
      "check_out_date": "2024-11-27",
      "number_of_guests": 2,
      "status": "completed",
      "created_at": "2024-10-10T10:45:12.789Z",
      "updated_at": "2024-11-28T11:30:45.123Z"
    }
  },
  {
    "model": "api.reservation",
    "pk": 19,
    "fields": {
      "camper": 5,
      "campsite": 3,
      "check_in_date": "2025-06-01",
      "check_out_date": "2025-06-08",
      "number_of_guests": 5,
      "status": "confirmed",
      "created_at": "2025-04-05T12:30:45.123Z",
      "updated_at": "2025-04-05T13:15:30.456Z"
    }
  },
  {
    "model": "api.reservation",
    "pk": 20,
    "fields": {
      "camper": 5,
      "campsite": 10,
      "check_in_date": "2025-07-15",
      "check_out_date": "2025-07-22",
      "number_of_guests": 4,
      "status": "pending",
      "created_at": "2025-04-20T09:15:30.456Z",
      "updated_at": "2025-04-20T10:00:15.789Z"
    }
  },
  {
    "model": "api.reservation",
    "pk": 21,
    "fields": {
      "camper": 5,
      "campsite": 7,
      "check_in_date": "2025-03-01",
      "check_out_date": "2025-03-05",
      "number_of_guests": 3,
      "status": "completed",
      "created_at": "2025-02-01T14:45:12.789Z",
      "updated_at": "2025-03-06T15:30:45.123Z"
    }
  },
  {
    "model": "api.reservation",
    "pk": 22,
    "fields": {
      "camper": 1,
      "campsite": 4,
      "check_in_date": "2025-08-10",
      "check_out_date": "2025-08-15",
      "number_of_guests": 3,
      "status": "confirmed",
      "created_at": "2025-04-25T08:15:30.456Z",
      "updated_at": "2025-04-25T09:00:15.789Z"
    }
  },
  {
    "model": "api.reservation",
    "pk": 23,
    "fields": {
      "camper": 2,
      "campsite": 8,
      "check_in_date": "2025-08-01",
      "check_out_date": "2025-08-07",
      "number_of_guests": 4,
      "status": "confirmed",
      "created_at": "2025-04-26T10:45:12.789Z",
      "updated_at": "2025-04-26T11:30:45.123Z"
    }
  },
  {
    "model": "api.reservation",
    "pk": 24,
    "fields": {
      "camper": 3,
      "campsite": 1,
      "check_in_date": "2025-06-25",
      "check_out_date": "2025-06-30",
      "number_of_guests": 2,
      "status": "pending",
      "created_at": "2025-04-27T12:15:30.456Z",
      "updated_at": "2025-04-27T13:00:15.789Z"
    }
  },
  {
    "model": "api.reservation",
    "pk": 25,
    "fields": {
      "camper": 4,
      "campsite": 5,
      "check_in_date": "2025-07-05",
      "check_out_date": "2025-07-10",
      "number_of_guests": 3,
      "status": "confirmed",
      "created_at": "2025-04-28T14:45:12.789Z",
      "updated_at": "2025-04-28T15:30:45.123Z"
    }
  },
  {
    "model": "api.reservation",
    "pk": 26,
    "fields": {
      "camper": 5,
      "campsite": 11,
      "check_in_date": "2025-05-25",
      "check_out_date": "2025-06-01",
      "number_of_guests": 6,
      "status": "pending",
      "created_at": "2025-04-15T16:15:30.456Z",
      "updated_at": "2025-04-15T17:00:15.789Z"
    }
  },
  {
    "model": "api.reservation",
    "pk": 27,
    "fields": {
      "camper": 1,
      "campsite": 11,
      "check_in_date": "2024-10-15",
      "check_out_date": "2024-10-20",
      "number_of_guests": 5,
      "status": "completed",
      "created_at": "2024-09-01T10:15:30.456Z",
      "updated_at": "2024-10-21T11:30:45.123Z"
    }
  },
  {
    "model": "api.reservation",
    "pk": 28,
    "fields": {
      "camper": 2,
      "campsite": 7,
      "check_in_date": "2025-01-05",
      "check_out_date": "2025-01-10",
      "number_of_guests": 4,
      "status": "completed",
      "created_at": "2024-12-01T12:45:12.789Z",
      "updated_at": "2025-01-11T13:30:45.123Z"
    }
  },
  {
    "model": "api.reservation",
    "pk": 29,
    "fields": {
      "camper": 3,
      "campsite": 3,
      "check_in_date": "2024-12-05",
      "check_out_date": "2024-12-10",
      "number_of_guests": 3,
      "status": "completed",
      "created_at": "2024-11-01T14:15:30.456Z",
      "updated_at": "2024-12-11T15:00:15.789Z"
    }
  },
  {
    "model": "api.reservation",
    "pk": 30,
    "fields": {
      "camper": 4,
      "campsite": 10,
      "check_in_date": "2025-09-01",
      "check_out_date": "2025-09-07",
      "number_of_guests": 5,
      "status": "pending",
      "created_at": "2025-04-29T09:30:45.123Z",
      "updated_at": "2025-04-29T10:15:30.456Z"
    }
  },
  {
    "model": "api.reservation",
    "pk": 31,
    "fields": {
      "camper": 5,
      "campsite": 8,
      "check_in_date": "2025-04-01",
      "check_out_date": "2025-04-05",
      "number_of_guests": 2,
      "status": "completed",
      "created_at": "2025-03-01T11:45:12.789Z",
      "updated_at": "2025-04-06T12:30:45.123Z"
    }
  },
  {
    "model": "api.reservation",
    "pk": 32,
    "fields": {
      "camper": 1,
      "campsite": 5,
      "check_in_date": "2025-09-10",
      "check_out_date": "2025-09-15",
      "number_of_guests": 3,
      "status": "confirmed",
      "created_at": "2025-04-25T13:15:30.456Z",
      "updated_at": "2025-04-25T14:00:15.789Z"
    }
  },
  {
    "model": "api.reservation",
    "pk": 33,
    "fields": {
      "camper": 2,
      "campsite": 4,
      "check_in_date": "2025-08-20",
      "check_out_date": "2025-08-25",
      "number_of_guests": 3,
      "status": "pending",
      "created_at": "2025-04-26T15:45:12.789Z",
      "updated_at": "2025-04-26T16:30:45.123Z"
    }
  },
  {
    "model": "api.reservation",
    "pk": 34,
    "fields": {
      "camper": 3,
      "campsite": 8,
      "check_in_date": "2025-09-20",
      "check_out_date": "2025-09-27",
      "number_of_guests": 4,
      "status": "confirmed",
      "created_at": "2025-04-27T17:15:30.456Z",
      "updated_at": "2025-04-27T18:00:15.789Z"
    }
  },
  {
    "model": "api.reservation",
    "pk": 35,
    "fields": {
      "camper": 4,
      "campsite": 3,
      "check_in_date": "2025-07-25",
      "check_out_date": "2025-08-01",
      "number_of_guests": 5,
      "status": "pending",
      "created_at": "2025-04-28T19:45:12.789Z",
      "updated_at": "2025-04-28T20:30:45.123Z"
    }
  },
  {
    "model": "api.reservation",
    "pk": 36,
    "fields": {
      "camper": 5,
      "campsite": 1,
      "check_in_date": "2025-10-01",
      "check_out_date": "2025-10-05",
      "number_of_guests": 2,
      "status": "confirmed",
      "created_at": "2025-04-29T21:15:30.456Z",
      "updated_at": "2025-04-29T22:00:15.789Z"
    }
  },
  {
    "model": "api.reservation",
    "pk": 37,
    "fields": {
      "camper": 1,
      "campsite": 10,
      "check_in_date": "2025-02-01",
      "check_out_date": "2025-02-07",
      "number_of_guests": 4,
      "status": "completed",
      "created_at": "2025-01-01T09:45:12.789Z",
      "updated_at": "2025-02-08T10:30:45.123Z"
    }
  },
  {
    "model": "api.reservation",
    "pk": 38,
    "fields": {
      "camper": 2,
      "campsite": 11,
      "check_in_date": "2024-09-15",
      "check_out_date": "2024-09-20",
      "number_of_guests": 6,
      "status": "completed",
      "created_at": "2024-08-15T11:15:30.456Z",
      "updated_at": "2024-09-21T12:00:15.789Z"
    }
  },
  {
    "model": "api.reservation",
    "pk": 39,
    "fields": {
      "camper": 3,
      "campsite": 5,
      "check_in_date": "2025-10-10",
      "check_out_date": "2025-10-15",
      "number_of_guests": 3,
      "status": "pending",
      "created_at": "2025-04-15T13:45:12.789Z",
      "updated_at": "2025-04-15T14:30:45.123Z"
    }
  },
  {
    "model": "api.reservation",
    "pk": 40,
    "fields": {
      "camper": 4,
      "campsite": 7,
      "check_in_date": "2025-11-01",
      "check_out_date": "2025-11-07",
      "number_of_guests": 4,
      "status": "confirmed",
      "created_at": "2025-04-20T15:15:30.456Z",
      "updated_at": "2025-04-20T16:00:15.789Z"
    }
  },
  {
    "model": "api.reservation",
    "pk": 41,
    "fields": {
      "camper": 5,
      "campsite": 4,
      "check_in_date": "2025-11-15",
      "check_out_date": "2025-11-20",
      "number_of_guests": 2,
      "status": "pending",
      "created_at": "2025-04-25T17:45:12.789Z",
      "updated_at": "2025-04-25T18:30:45.123Z"
    }
  },
  {
    "model": "api.paymentmethod",
    "pk": 6,
    "fields": {
      "camper": 2,
      "issuer": "visa",
      "card_number": 4111111111111111,
      "cardholder_name": "Jane Doe",
      "expiration_date": "2026-05-01",
      "cvv": 123,
      "billing_address": "123 Main St, Anytown, CA 90210",
      "is_default": true,
      "created_at": "2025-04-01T10:00:00.000Z",
      "updated_at": "2025-04-01T10:00:00.000Z"
    }
  },
  {
    "model": "api.paymentmethod",
    "pk": 7,
    "fields": {
      "camper": 3,
      "issuer": "mastercard",
      "card_number": 5555555555554444,
      "cardholder_name": "John Smith",
      "expiration_date": "2027-03-01",
      "cvv": 321,
      "billing_address": "456 Oak Ave, Sometown, NY 10001",
      "is_default": true,
      "created_at": "2025-04-02T11:00:00.000Z",
      "updated_at": "2025-04-02T11:00:00.000Z"
    }
  },
  {
    "model": "api.paymentmethod",
    "pk": 8,
    "fields": {
      "camper": 4,
      "issuer": "discover",
      "card_number": 6011111111111117,
      "cardholder_name": "Bob Johnson",
      "expiration_date": "2026-08-01",
      "cvv": 456,
      "billing_address": "789 Pine St, Othertown, TX 75001",
      "is_default": true,
      "created_at": "2025-04-03T12:00:00.000Z",
      "updated_at": "2025-04-03T12:00:00.000Z"
    }
  },
  {
    "model": "api.paymentmethod",
    "pk": 9,
    "fields": {
      "camper": 5,
      "issuer": "amex",
      "card_number": 371449635398431,
      "cardholder_name": "Sarah Williams",
      "expiration_date": "2027-10-01",
      "cvv": 1234,
      "billing_address": "101 Cedar Ln, Lasttown, FL 33101",
      "is_default": true,
      "created_at": "2025-04-04T13:00:00.000Z",
      "updated_at": "2025-04-04T13:00:00.000Z"
    }
  }
]
